{
  "banca_base": 1828.623291015625,
  "reserva_total": 788.6232910156251,
  "total_metas_batidas": 11,
  "lucro_acumulado": -76.4832910156249,
  "divida_reserva": 0.0,
  "total_emprestimos": 2,
  "total_emprestado": 606.5832910156253
}